map,algorithm,status,width,height,boxes,floor,cost,expanded,generated,pushed,max_frontier,max_explored,time_median_s,time_min_s,time_max_s,precompute_s,us_per_expansion,ebf,peak_mem_mb,h_calls,h_pruned,h_time_share_pct
map1_basic,UCS,SOLVED,7,5,1,15,4,13,39,29,13,13,8.1e-05,7.5e-05,0.000104,2e-06,6.215385,1.532659,0.009193,0,0,
map1_basic,A*,SOLVED,7,5,1,15,4,7,21,17,8,7,0.000134,0.000106,0.000135,3e-05,19.128571,1.23691,0.010544,16,0,10.24627
map2_corridor,UCS,SOLVED,12,3,1,10,8,19,35,25,5,19,7.3e-05,7.3e-05,7.3e-05,2e-06,3.847368,1.190893,0.010895,0,0,
map2_corridor,A*,SOLVED,12,3,1,10,8,8,15,16,7,8,0.000108,0.000107,0.000114,2e-05,13.4375,1.0,0.01133,15,0,53.563663
map3_two_boxes,UCS,SOLVED,8,6,2,24,8,441,1456,978,437,441,0.001967,0.001609,0.002336,2e-06,4.461451,1.95897,0.296768,0,0,
map3_two_boxes,A*,SOLVED,8,6,2,24,8,74,248,181,96,74,0.001226,0.001222,0.001414,5.3e-05,16.572973,1.500363,0.065239,181,1,67.871347
map4_open_room,UCS,SOLVED,10,7,2,40,14,6314,21788,13131,4023,6314,0.038142,0.027539,0.069422,2e-06,6.040862,1.759549,3.406784,0,0,
map4_open_room,A*,SOLVED,10,7,2,40,14,1021,3568,2277,885,1021,0.023293,0.015112,0.025175,0.000117,22.814398,1.519599,0.615822,2287,11,64.097527
map5_narrow_rooms,UCS,SOLVED,10,6,2,25,16,2656,7655,4366,904,2656,0.009172,0.008842,0.01481,2e-06,3.453313,1.532303,0.993256,0,0,
map5_narrow_rooms,A*,SOLVED,10,6,2,25,16,451,1292,752,195,451,0.006469,0.006344,0.010112,8.6e-05,14.343459,1.346759,0.210423,789,38,64.502586
map6_three_boxes,UCS,SOLVED,9,7,3,35,15,18925,63354,39627,13567,18925,0.118714,0.113225,0.130958,1.4e-05,6.27284,1.829068,10.342476,0,0,
map6_three_boxes,A*,SOLVED,9,7,3,35,15,1445,4966,3275,1391,1445,0.042379,0.041846,0.059907,0.000796,29.327958,1.511252,1.033722,3296,22,69.840564
map7_warehouse,UCS,SOLVED,11,8,3,47,54,431507,1220400,619016,35404,431507,3.6287,3.542324,3.691888,3e-06,8.409366,1.232965,91.286591,0,0,
map7_warehouse,A*,SOLVED,11,8,3,47,54,182004,515657,261832,14712,182004,5.342562,5.155285,5.485546,0.000124,29.354089,1.211648,45.033661,267105,5274,64.455231
map8_hard,UCS,SOLVED,12,7,4,46,32,2537871,7632756,4259542,698889,2537871,29.556826,28.915522,30.382534,5e-06,11.646308,1.533974,1046.39196,0,0,
map8_hard,A*,SOLVED,12,7,4,46,32,81713,248380,151309,45989,81713,3.947552,3.628578,4.118762,0.000198,48.30996,1.366636,43.155014,152318,1010,70.439852
map9_example,UCS,SOLVED,9,9,7,44,34,2736902,9116536,5351580,1353829,2736902,31.191913,31.011393,32.180295,2e-06,11.396796,1.497092,1486.702194,0,0,
map9_example,A*,SOLVED,9,9,7,44,34,50170,169530,96086,20965,50170,5.16388,4.876949,5.422109,0.000294,102.927656,1.318577,22.875519,97681,1596,82.958039
